nome,mutacao,elite,generation,population_size,step,FO_1,Tempo_1,Desv_1,dias_neg,Gen
parametros1_Teste1_M10_E10_G200_P500_S10.txt,10,0.1,200,500,0.1,11.177777777777777,30.453250885009766,8.657145767486313,0.0,120.0
parametros1_Teste2_M10_E10_G200_P500_S10.txt,10,0.1,200,500,0.1,10.78888888888889,44.80673098564148,8.039478209221244,0.0,162.0
parametros1_Teste3_M10_E10_G200_P500_S10.txt,10,0.1,200,500,0.1,11.233333333333333,28.56010866165161,8.444656430087742,0.0,112.0
parametros1_Teste4_M10_E10_G200_P500_S10.txt,10,0.1,200,500,0.1,8.966666666666667,38.60805344581604,6.208327740489651,0.0,147.0
parametros1_Teste5_M10_E10_G200_P500_S10.txt,10,0.1,200,500,0.1,9.677777777777777,38.73364758491516,7.441367523330906,0.0,150.0
parametros1_Teste6_M10_E10_G200_P500_S10.txt,10,0.1,200,500,0.1,5.855555555555555,51.35040211677551,4.743559636464093,0.0,200.0
parametros1_Teste7_M10_E10_G200_P500_S10.txt,10,0.1,200,500,0.1,12.28888888888889,32.34567403793335,9.281097210572614,0.0,120.0
parametros1_Teste8_M10_E10_G200_P500_S10.txt,10,0.1,200,500,0.1,11.066666666666666,44.80499243736267,7.711175151831413,0.0,173.0
parametros1_Teste9_M10_E10_G200_P500_S10.txt,10,0.1,200,500,0.1,10.7,53.15176033973694,9.014124718709214,0.0,200.0
parametros1_Teste10_M10_E10_G200_P500_S10.txt,10,0.1,200,500,0.1,8.844444444444445,53.28381323814392,6.250175306183395,0.0,199.0
parametros2_Teste1_M10_E10_G200_P1000_S10.txt,10,0.1,200,1000,0.1,7.655555555555556,109.22278189659119,5.348231506480771,0.0,200.0
parametros2_Teste2_M10_E10_G200_P1000_S10.txt,10,0.1,200,1000,0.1,7.9222222222222225,87.65938711166382,5.839002536160089,0.0,171.0
parametros2_Teste3_M10_E10_G200_P1000_S10.txt,10,0.1,200,1000,0.1,7.866666666666666,66.46024942398071,6.864077181643251,0.0,128.0
parametros2_Teste4_M10_E10_G200_P1000_S10.txt,10,0.1,200,1000,0.1,12.522222222222222,94.8995909690857,11.22816674239663,0.0,182.0
parametros2_Teste5_M10_E10_G200_P1000_S10.txt,10,0.1,200,1000,0.1,11.744444444444444,104.2910988330841,9.7303204367826,0.0,200.0
parametros2_Teste6_M10_E10_G200_P1000_S10.txt,10,0.1,200,1000,0.1,10.6,86.09267902374268,5.687803715944417,0.0,166.0
parametros2_Teste7_M10_E10_G200_P1000_S10.txt,10,0.1,200,1000,0.1,9.311111111111112,77.93695163726807,6.978768507161074,0.0,148.0
parametros2_Teste8_M10_E10_G200_P1000_S10.txt,10,0.1,200,1000,0.1,7.311111111111111,103.37444138526917,5.40502738084224,0.0,200.0
parametros2_Teste9_M10_E10_G200_P1000_S10.txt,10,0.1,200,1000,0.1,11.5,63.133859157562256,8.139410298049853,0.0,124.0
parametros2_Teste10_M10_E10_G200_P1000_S10.txt,10,0.1,200,1000,0.1,8.877777777777778,88.17702794075012,5.57539789866114,0.0,166.0
parametros3_Teste1_M10_E10_G2000_P500_S10.txt,10,0.1,2000,500,0.1,7.977777777777778,46.951401233673096,4.4371606982087535,0.0,180.0
parametros3_Teste2_M10_E10_G2000_P500_S10.txt,10,0.1,2000,500,0.1,8.044444444444444,42.25921010971069,5.399405545697931,0.0,159.0
parametros3_Teste3_M10_E10_G2000_P500_S10.txt,10,0.1,2000,500,0.1,14.833333333333334,50.54351782798767,10.83230764375204,0.0,193.0
parametros3_Teste4_M10_E10_G2000_P500_S10.txt,10,0.1,2000,500,0.1,8.433333333333334,36.72136569023132,6.166306295776535,0.0,136.0
parametros3_Teste5_M10_E10_G2000_P500_S10.txt,10,0.1,2000,500,0.1,7.988888888888889,71.58798336982727,6.107362486639374,0.0,271.0
parametros3_Teste6_M10_E10_G2000_P500_S10.txt,10,0.1,2000,500,0.1,11.6,31.737117528915405,9.873421111471162,0.0,118.0
parametros3_Teste7_M10_E10_G2000_P500_S10.txt,10,0.1,2000,500,0.1,9.266666666666667,48.22947430610657,6.735973079914537,0.0,185.0
parametros3_Teste8_M10_E10_G2000_P500_S10.txt,10,0.1,2000,500,0.1,8.822222222222223,38.90521693229675,6.6459307144844955,0.0,150.0
parametros3_Teste9_M10_E10_G2000_P500_S10.txt,10,0.1,2000,500,0.1,11.9,59.522202253341675,8.265120823207743,0.0,225.0
parametros3_Teste10_M10_E10_G2000_P500_S10.txt,10,0.1,2000,500,0.1,11.244444444444444,58.13609838485718,9.396584617249813,0.0,225.0
parametros4_Teste1_M10_E10_G2000_P1000_S10.txt,10,0.1,2000,1000,0.1,7.044444444444444,76.79346632957458,4.984222019112157,0.0,148.0
parametros4_Teste2_M10_E10_G2000_P1000_S10.txt,10,0.1,2000,1000,0.1,6.011111111111111,105.34733819961548,4.785381546252072,0.0,205.0
parametros4_Teste3_M10_E10_G2000_P1000_S10.txt,10,0.1,2000,1000,0.1,7.622222222222222,92.37152624130249,5.482452366470436,0.0,177.0
parametros4_Teste4_M10_E10_G2000_P1000_S10.txt,10,0.1,2000,1000,0.1,11.28888888888889,75.65185070037842,10.259136247424042,0.0,143.0
parametros4_Teste5_M10_E10_G2000_P1000_S10.txt,10,0.1,2000,1000,0.1,10.244444444444444,75.18426251411438,6.904605727115313,0.0,144.0
parametros4_Teste6_M10_E10_G2000_P1000_S10.txt,10,0.1,2000,1000,0.1,7.133333333333334,68.76879167556763,4.595166542744186,0.0,133.0
parametros4_Teste7_M10_E10_G2000_P1000_S10.txt,10,0.1,2000,1000,0.1,10.377777777777778,106.21499705314636,7.8508000693174615,0.0,204.0
parametros4_Teste8_M10_E10_G2000_P1000_S10.txt,10,0.1,2000,1000,0.1,7.122222222222222,104.80786299705505,7.220076604360893,0.0,201.0
parametros4_Teste9_M10_E10_G2000_P1000_S10.txt,10,0.1,2000,1000,0.1,8.722222222222221,94.98891496658325,5.931137754405,0.0,182.0
parametros4_Teste10_M10_E10_G2000_P1000_S10.txt,10,0.1,2000,1000,0.1,7.066666666666666,82.241037607193,5.0876757408903766,0.0,159.0
parametros5_Teste1_M10_E20_G200_P500_S10.txt,10,0.2,200,500,0.1,10.155555555555555,31.292466402053833,7.9998765422572635,0.0,126.0
parametros5_Teste2_M10_E20_G200_P500_S10.txt,10,0.2,200,500,0.1,9.78888888888889,52.4470751285553,8.058803942748224,0.0,200.0
parametros5_Teste3_M10_E20_G200_P500_S10.txt,10,0.2,200,500,0.1,10.277777777777779,24.254902601242065,7.930290421720979,0.0,95.0
parametros5_Teste4_M10_E20_G200_P500_S10.txt,10,0.2,200,500,0.1,7.3,52.7239785194397,5.027590542861129,0.0,197.0
parametros5_Teste5_M10_E20_G200_P500_S10.txt,10,0.2,200,500,0.1,6.944444444444445,37.40018057823181,5.075783707656737,0.0,141.0
parametros5_Teste6_M10_E20_G200_P500_S10.txt,10,0.2,200,500,0.1,6.2444444444444445,50.624886989593506,5.4350940114758135,0.0,200.0
parametros5_Teste7_M10_E20_G200_P500_S10.txt,10,0.2,200,500,0.1,14.166666666666666,32.766549825668335,12.792575972023775,0.0,131.0
parametros5_Teste8_M10_E20_G200_P500_S10.txt,10,0.2,200,500,0.1,15.844444444444445,33.599660873413086,9.278303378325528,0.0,133.0
parametros5_Teste9_M10_E20_G200_P500_S10.txt,10,0.2,200,500,0.1,10.344444444444445,46.67526459693909,8.747267650988205,0.0,200.0
parametros5_Teste10_M10_E20_G200_P500_S10.txt,10,0.2,200,500,0.1,8.688888888888888,35.41227865219116,7.378112442208816,0.0,147.0
parametros6_Teste1_M10_E20_G200_P1000_S10.txt,10,0.2,200,1000,0.1,9.644444444444444,73.20036935806274,7.8291635868166525,0.0,151.0
parametros6_Teste2_M10_E20_G200_P1000_S10.txt,10,0.2,200,1000,0.1,7.855555555555555,99.3402807712555,6.512485634210832,0.0,200.0
parametros6_Teste3_M10_E20_G200_P1000_S10.txt,10,0.2,200,1000,0.1,8.222222222222221,89.5813627243042,5.217018684135345,0.0,183.0
parametros6_Teste4_M10_E20_G200_P1000_S10.txt,10,0.2,200,1000,0.1,7.944444444444445,56.257280349731445,5.735583107256569,0.0,118.0
parametros6_Teste5_M10_E20_G200_P1000_S10.txt,10,0.2,200,1000,0.1,10.066666666666666,98.85321259498596,8.79494804482159,0.0,200.0
parametros6_Teste6_M10_E20_G200_P1000_S10.txt,10,0.2,200,1000,0.1,9.033333333333333,65.00211811065674,7.565198095372138,0.0,133.0
parametros6_Teste7_M10_E20_G200_P1000_S10.txt,10,0.2,200,1000,0.1,7.877777777777778,64.99913477897644,5.393056807451138,0.0,138.0
parametros6_Teste8_M10_E20_G200_P1000_S10.txt,10,0.2,200,1000,0.1,8.777777777777779,96.6326961517334,6.509442334499387,0.0,200.0
parametros6_Teste9_M10_E20_G200_P1000_S10.txt,10,0.2,200,1000,0.1,8.511111111111111,68.36262059211731,7.793507902870104,0.0,142.0
parametros6_Teste10_M10_E20_G200_P1000_S10.txt,10,0.2,200,1000,0.1,7.366666666666666,74.2493371963501,4.41323766260856,0.0,153.0
parametros7_Teste1_M10_E20_G2000_P500_S10.txt,10,0.2,2000,500,0.1,12.033333333333333,46.179034948349,7.99367805762084,0.0,193.0
parametros7_Teste2_M10_E20_G2000_P500_S10.txt,10,0.2,2000,500,0.1,10.066666666666666,30.306379318237305,8.465354228986653,0.0,120.0
parametros7_Teste3_M10_E20_G2000_P500_S10.txt,10,0.2,2000,500,0.1,9.055555555555555,37.62868785858154,5.903597982231045,0.0,155.0
parametros7_Teste4_M10_E20_G2000_P500_S10.txt,10,0.2,2000,500,0.1,6.366666666666666,59.87267541885376,4.0809857197060175,0.0,248.0
parametros7_Teste5_M10_E20_G2000_P500_S10.txt,10,0.2,2000,500,0.1,8.488888888888889,42.01532053947449,5.530208845653409,0.0,174.0
parametros7_Teste6_M10_E20_G2000_P500_S10.txt,10,0.2,2000,500,0.1,6.733333333333333,70.93774485588074,5.212804747286563,0.0,291.0
parametros7_Teste7_M10_E20_G2000_P500_S10.txt,10,0.2,2000,500,0.1,8.255555555555556,52.28892135620117,5.745647843002777,0.0,206.0
parametros7_Teste8_M10_E20_G2000_P500_S10.txt,10,0.2,2000,500,0.1,10.144444444444444,29.87385368347168,5.795709353787528,0.0,125.0
parametros7_Teste9_M10_E20_G2000_P500_S10.txt,10,0.2,2000,500,0.1,9.166666666666666,43.45494103431702,6.342537171966576,0.0,177.0
parametros7_Teste10_M10_E20_G2000_P500_S10.txt,10,0.2,2000,500,0.1,11.588888888888889,50.15876650810242,12.326930269801286,0.0,212.0
parametros8_Teste1_M10_E20_G2000_P1000_S10.txt,10,0.2,2000,1000,0.1,9.2,75.559987783432,5.762329775745609,0.0,159.0
parametros8_Teste2_M10_E20_G2000_P1000_S10.txt,10,0.2,2000,1000,0.1,7.666666666666667,50.128791093826294,6.075451514999615,0.0,104.0
parametros8_Teste3_M10_E20_G2000_P1000_S10.txt,10,0.2,2000,1000,0.1,8.255555555555556,126.4277274608612,7.11736703987134,0.0,261.0
parametros8_Teste4_M10_E20_G2000_P1000_S10.txt,10,0.2,2000,1000,0.1,8.244444444444444,105.7287871837616,5.927920960470058,0.0,220.0
parametros8_Teste5_M10_E20_G2000_P1000_S10.txt,10,0.2,2000,1000,0.1,9.922222222222222,82.22943568229675,7.501448419809452,0.0,171.0
parametros8_Teste6_M10_E20_G2000_P1000_S10.txt,10,0.2,2000,1000,0.1,8.133333333333333,83.60459995269775,6.661998365522332,0.0,179.0
parametros8_Teste7_M10_E20_G2000_P1000_S10.txt,10,0.2,2000,1000,0.1,7.911111111111111,85.21160244941711,6.404242421056086,0.0,178.0
parametros8_Teste8_M10_E20_G2000_P1000_S10.txt,10,0.2,2000,1000,0.1,8.355555555555556,62.205108404159546,6.293402385057459,0.0,129.0
parametros8_Teste9_M10_E20_G2000_P1000_S10.txt,10,0.2,2000,1000,0.1,7.377777777777778,97.99865937232971,5.063107911984008,0.0,205.0
parametros8_Teste10_M10_E20_G2000_P1000_S10.txt,10,0.2,2000,1000,0.1,9.4,113.96281361579895,5.9606114526018965,0.0,234.0
parametros9_Teste1_M20_E10_G200_P500_S10.txt,20,0.1,200,500,0.1,10.9,70.09711289405823,9.803684114771457,0.0,200.0
parametros9_Teste2_M20_E10_G200_P500_S10.txt,20,0.1,200,500,0.1,12.044444444444444,42.401870250701904,9.532297275999353,0.0,112.0
parametros9_Teste3_M20_E10_G200_P500_S10.txt,20,0.1,200,500,0.1,7.933333333333334,60.040637731552124,5.251031644670725,0.0,163.0
parametros9_Teste4_M20_E10_G200_P500_S10.txt,20,0.1,200,500,0.1,10.233333333333333,46.71239876747131,7.489325737341112,0.0,128.0
parametros9_Teste5_M20_E10_G200_P500_S10.txt,20,0.1,200,500,0.1,12.144444444444444,72.21011328697205,9.267099643495214,0.0,190.0
parametros9_Teste6_M20_E10_G200_P500_S10.txt,20,0.1,200,500,0.1,8.455555555555556,38.818927526474,5.647341776075047,0.0,107.0
parametros9_Teste7_M20_E10_G200_P500_S10.txt,20,0.1,200,500,0.1,8.244444444444444,69.75800561904907,6.898165796646576,0.0,190.0
parametros9_Teste8_M20_E10_G200_P500_S10.txt,20,0.1,200,500,0.1,8.577777777777778,52.870949268341064,6.315726012243438,0.0,142.0
parametros9_Teste9_M20_E10_G200_P500_S10.txt,20,0.1,200,500,0.1,12.911111111111111,47.844889640808105,8.752960698395391,0.0,124.0
parametros9_Teste10_M20_E10_G200_P500_S10.txt,20,0.1,200,500,0.1,10.055555555555555,50.95497679710388,7.649780114648338,0.0,139.0
parametros10_Teste1_M20_E10_G200_P1000_S10.txt,20,0.1,200,1000,0.1,7.733333333333333,143.28296995162964,6.786915516066354,0.0,200.0
parametros10_Teste2_M20_E10_G200_P1000_S10.txt,20,0.1,200,1000,0.1,8.5,127.44454407691956,6.711929677819934,0.0,175.0
parametros10_Teste3_M20_E10_G200_P1000_S10.txt,20,0.1,200,1000,0.1,12.6,119.688467502594,9.916092420348294,0.0,162.0
parametros10_Teste4_M20_E10_G200_P1000_S10.txt,20,0.1,200,1000,0.1,8.344444444444445,144.49364399909973,6.982774219640008,0.0,200.0
parametros10_Teste5_M20_E10_G200_P1000_S10.txt,20,0.1,200,1000,0.1,5.777777777777778,102.06365776062012,5.034939650477512,0.0,140.0
parametros10_Teste6_M20_E10_G200_P1000_S10.txt,20,0.1,200,1000,0.1,10.433333333333334,144.5394480228424,8.093962084308414,0.0,200.0
parametros10_Teste7_M20_E10_G200_P1000_S10.txt,20,0.1,200,1000,0.1,7.188888888888889,115.85226082801819,5.515421701303525,0.0,163.0
parametros10_Teste8_M20_E10_G200_P1000_S10.txt,20,0.1,200,1000,0.1,5.822222222222222,124.92812442779541,4.194116985010148,0.0,174.0
parametros10_Teste9_M20_E10_G200_P1000_S10.txt,20,0.1,200,1000,0.1,6.844444444444444,135.73168683052063,5.742456135586567,0.0,182.0
parametros10_Teste10_M20_E10_G200_P1000_S10.txt,20,0.1,200,1000,0.1,10.122222222222222,138.04566383361816,6.719503582487454,0.0,190.0
parametros11_Teste1_M20_E10_G2000_P500_S10.txt,20,0.1,2000,500,0.1,10.266666666666667,45.642521381378174,7.662027581956794,0.0,124.0
parametros11_Teste2_M20_E10_G2000_P500_S10.txt,20,0.1,2000,500,0.1,7.1,51.283754110336304,6.547348912176422,0.0,135.0
parametros11_Teste3_M20_E10_G2000_P500_S10.txt,20,0.1,2000,500,0.1,10.988888888888889,47.51252508163452,6.070867491451731,0.0,126.0
parametros11_Teste4_M20_E10_G2000_P500_S10.txt,20,0.1,2000,500,0.1,9.933333333333334,39.24432730674744,8.152436581919678,0.0,106.0
parametros11_Teste5_M20_E10_G2000_P500_S10.txt,20,0.1,2000,500,0.1,10.955555555555556,40.460410594940186,8.11707543270647,0.0,104.0
parametros11_Teste6_M20_E10_G2000_P500_S10.txt,20,0.1,2000,500,0.1,8.333333333333334,44.516008615493774,5.483308003994183,0.0,120.0
parametros11_Teste7_M20_E10_G2000_P500_S10.txt,20,0.1,2000,500,0.1,8.71111111111111,53.499550342559814,5.046989079186926,0.0,137.0
parametros11_Teste8_M20_E10_G2000_P500_S10.txt,20,0.1,2000,500,0.1,7.833333333333333,72.90483236312866,6.055759425722115,0.0,191.0
parametros11_Teste9_M20_E10_G2000_P500_S10.txt,20,0.1,2000,500,0.1,11.622222222222222,48.86250948905945,7.53300556481317,0.0,133.0
parametros11_Teste10_M20_E10_G2000_P500_S10.txt,20,0.1,2000,500,0.1,9.222222222222221,57.83946752548218,7.282822678937028,0.0,156.0
parametros12_Teste1_M20_E10_G2000_P1000_S10.txt,20,0.1,2000,1000,0.1,7.188888888888889,96.69034314155579,5.059412448198669,0.0,128.0
parametros12_Teste2_M20_E10_G2000_P1000_S10.txt,20,0.1,2000,1000,0.1,9.8,102.65676641464233,9.665747082697056,0.0,135.0
parametros12_Teste3_M20_E10_G2000_P1000_S10.txt,20,0.1,2000,1000,0.1,7.666666666666667,96.48263740539551,6.797058187186571,0.0,133.0
parametros12_Teste4_M20_E10_G2000_P1000_S10.txt,20,0.1,2000,1000,0.1,6.355555555555555,147.5592122077942,4.211917249137291,0.0,205.0
parametros12_Teste5_M20_E10_G2000_P1000_S10.txt,20,0.1,2000,1000,0.1,7.644444444444445,130.59432935714722,7.48971310993524,0.0,175.0
parametros12_Teste6_M20_E10_G2000_P1000_S10.txt,20,0.1,2000,1000,0.1,7.822222222222222,105.15622210502625,6.548244510770768,0.0,146.0
parametros12_Teste7_M20_E10_G2000_P1000_S10.txt,20,0.1,2000,1000,0.1,8.6,161.32328057289124,5.276362383309168,0.0,220.0
parametros12_Teste8_M20_E10_G2000_P1000_S10.txt,20,0.1,2000,1000,0.1,5.122222222222222,109.18503737449646,4.144146548721938,0.0,151.0
parametros12_Teste9_M20_E10_G2000_P1000_S10.txt,20,0.1,2000,1000,0.1,8.233333333333333,93.90942645072937,7.290861860347284,0.0,132.0
parametros12_Teste10_M20_E10_G2000_P1000_S10.txt,20,0.1,2000,1000,0.1,7.555555555555555,164.59581756591797,5.647243400517757,0.0,220.0
parametros13_Teste1_M20_E20_G200_P500_S10.txt,20,0.2,200,500,0.1,9.655555555555555,57.07605028152466,8.277360168436836,0.0,173.0
parametros13_Teste2_M20_E20_G200_P500_S10.txt,20,0.2,200,500,0.1,6.522222222222222,46.31477379798889,4.110225129756757,0.0,134.0
parametros13_Teste3_M20_E20_G200_P500_S10.txt,20,0.2,200,500,0.1,6.966666666666667,45.03844141960144,4.852147290976783,0.0,132.0
parametros13_Teste4_M20_E20_G200_P500_S10.txt,20,0.2,200,500,0.1,9.1,59.07251501083374,6.828128098778854,0.0,167.0
parametros13_Teste5_M20_E20_G200_P500_S10.txt,20,0.2,200,500,0.1,10.311111111111112,45.770891189575195,8.972358100106304,0.0,133.0
parametros13_Teste6_M20_E20_G200_P500_S10.txt,20,0.2,200,500,0.1,6.5777777777777775,61.94522976875305,4.584945844288864,0.0,181.0
parametros13_Teste7_M20_E20_G200_P500_S10.txt,20,0.2,200,500,0.1,10.866666666666667,47.385642766952515,6.5340135700297814,0.0,137.0
parametros13_Teste8_M20_E20_G200_P500_S10.txt,20,0.2,200,500,0.1,9.366666666666667,64.64746975898743,8.71199683705687,0.0,200.0
parametros13_Teste9_M20_E20_G200_P500_S10.txt,20,0.2,200,500,0.1,7.811111111111111,31.874224424362183,4.783988211720065,0.0,94.0
parametros13_Teste10_M20_E20_G200_P500_S10.txt,20,0.2,200,500,0.1,13.455555555555556,52.95874357223511,11.174535646440987,0.0,148.0
parametros14_Teste1_M20_E20_G200_P1000_S10.txt,20,0.2,200,1000,0.1,8.733333333333333,133.13679099082947,8.605941100322626,0.0,193.0
parametros14_Teste2_M20_E20_G200_P1000_S10.txt,20,0.2,200,1000,0.1,8.233333333333333,92.00545358657837,5.234607063678333,0.0,143.0
parametros14_Teste3_M20_E20_G200_P1000_S10.txt,20,0.2,200,1000,0.1,6.5777777777777775,77.77947783470154,5.157470908579079,0.0,118.0
parametros14_Teste4_M20_E20_G200_P1000_S10.txt,20,0.2,200,1000,0.1,10.488888888888889,133.1532073020935,7.810597422653752,0.0,200.0
parametros14_Teste5_M20_E20_G200_P1000_S10.txt,20,0.2,200,1000,0.1,8.644444444444444,91.03870820999146,7.359515550347215,0.0,139.0
parametros14_Teste6_M20_E20_G200_P1000_S10.txt,20,0.2,200,1000,0.1,7.644444444444445,131.9048719406128,5.230914751341535,0.0,200.0
parametros14_Teste7_M20_E20_G200_P1000_S10.txt,20,0.2,200,1000,0.1,5.888888888888889,125.16324305534363,4.738599053270314,0.0,188.0
parametros14_Teste8_M20_E20_G200_P1000_S10.txt,20,0.2,200,1000,0.1,10.433333333333334,97.88742995262146,8.884505863830832,0.0,147.0
parametros14_Teste9_M20_E20_G200_P1000_S10.txt,20,0.2,200,1000,0.1,7.2444444444444445,135.40508008003235,5.536366861461707,0.0,200.0
parametros14_Teste10_M20_E20_G200_P1000_S10.txt,20,0.2,200,1000,0.1,7.066666666666666,86.60755801200867,5.229828975321384,0.0,128.0
parametros15_Teste1_M20_E20_G2000_P500_S10.txt,20,0.2,2000,500,0.1,11.088888888888889,44.068806886672974,8.364799850756135,0.0,130.0
parametros15_Teste2_M20_E20_G2000_P500_S10.txt,20,0.2,2000,500,0.1,7.933333333333334,55.54221796989441,5.511200716117435,0.0,168.0
parametros15_Teste3_M20_E20_G2000_P500_S10.txt,20,0.2,2000,500,0.1,11.533333333333333,35.39745259284973,7.479156220976921,0.0,107.0
parametros15_Teste4_M20_E20_G2000_P500_S10.txt,20,0.2,2000,500,0.1,10.044444444444444,74.99430656433105,9.955357140879936,0.0,222.0
parametros15_Teste5_M20_E20_G2000_P500_S10.txt,20,0.2,2000,500,0.1,9.122222222222222,61.40454339981079,7.994203146694315,0.0,184.0
parametros15_Teste6_M20_E20_G2000_P500_S10.txt,20,0.2,2000,500,0.1,10.233333333333333,62.22032952308655,7.655136256861213,0.0,185.0
parametros15_Teste7_M20_E20_G2000_P500_S10.txt,20,0.2,2000,500,0.1,8.166666666666666,64.17626595497131,6.3722488617093065,0.0,191.0
parametros15_Teste8_M20_E20_G2000_P500_S10.txt,20,0.2,2000,500,0.1,7.266666666666667,47.74551725387573,4.852948702707573,0.0,145.0
parametros15_Teste9_M20_E20_G2000_P500_S10.txt,20,0.2,2000,500,0.1,8.222222222222221,44.99633741378784,5.868518226336143,0.0,134.0
parametros15_Teste10_M20_E20_G2000_P500_S10.txt,20,0.2,2000,500,0.1,6.644444444444445,45.49730443954468,5.455498981376723,0.0,135.0
parametros16_Teste1_M20_E20_G2000_P1000_S10.txt,20,0.2,2000,1000,0.1,8.766666666666667,89.32735562324524,7.423760652272016,0.0,136.0
parametros16_Teste2_M20_E20_G2000_P1000_S10.txt,20,0.2,2000,1000,0.1,8.755555555555556,79.85162234306335,6.4812740707554495,0.0,117.0
parametros16_Teste3_M20_E20_G2000_P1000_S10.txt,20,0.2,2000,1000,0.1,6.9222222222222225,90.30834817886353,6.540859233019225,0.0,138.0
parametros16_Teste4_M20_E20_G2000_P1000_S10.txt,20,0.2,2000,1000,0.1,6.955555555555556,100.23943209648132,5.116229321398309,0.0,151.0
parametros16_Teste5_M20_E20_G2000_P1000_S10.txt,20,0.2,2000,1000,0.1,6.944444444444445,75.63470506668091,3.784063398315247,0.0,113.0
parametros16_Teste6_M20_E20_G2000_P1000_S10.txt,20,0.2,2000,1000,0.1,8.7,85.02460980415344,6.219056734478844,0.0,126.0
parametros16_Teste7_M20_E20_G2000_P1000_S10.txt,20,0.2,2000,1000,0.1,9.3,153.1660795211792,7.187102646021166,0.0,225.0
parametros16_Teste8_M20_E20_G2000_P1000_S10.txt,20,0.2,2000,1000,0.1,6.911111111111111,111.71840167045593,5.7283785653232036,0.0,161.0
parametros16_Teste9_M20_E20_G2000_P1000_S10.txt,20,0.2,2000,1000,0.1,9.311111111111112,124.16007137298584,9.181677944501386,0.0,191.0
parametros16_Teste10_M20_E20_G2000_P1000_S10.txt,20,0.2,2000,1000,0.1,6.855555555555555,139.44109749794006,4.949884647614665,0.0,206.0
