Teste,nome,mutacao,elite,generation,population_size,step,FO_1,Tempo_1,Desv_1,dias_neg,Gen
revistaA_2_numero_1_2.txt,saida_revistaA_2_numero_1_2.txt,20,0.1,2000,1000,0.1,-8.65079365079365,11.706328630447388,58.748362687122935,34.0,50.0
revistaA_2_numero_1_3.txt,saida_revistaA_2_numero_1_3.txt,20,0.1,2000,1000,0.1,-0.06349206349206349,18.267223834991455,45.90289025581328,35.0,80.0
revistaA_2_numero_1_4.txt,saida_revistaA_2_numero_1_4.txt,20,0.1,2000,1000,0.1,0.0,21.41255283355713,40.00793572074071,32.0,92.0
revistaA_2_numero_1_5.txt,saida_revistaA_2_numero_1_5.txt,20,0.1,2000,1000,0.1,42.25396825396825,13.888691425323486,28.262919930239324,0.0,65.0
revistaA_2_numero_2_3.txt,saida_revistaA_2_numero_2_3.txt,20,0.1,2000,1000,0.1,0.0,13.183796644210815,46.611872593435535,32.0,59.0
revistaA_2_numero_2_4.txt,saida_revistaA_2_numero_2_4.txt,20,0.1,2000,1000,0.1,-0.6349206349206349,25.566434144973755,38.60269814868879,34.0,113.0
revistaA_2_numero_2_5.txt,saida_revistaA_2_numero_2_5.txt,20,0.1,2000,1000,0.1,38.36507936507937,15.565980434417725,23.782948131362904,0.0,75.0
revistaA_2_numero_3_4.txt,saida_revistaA_2_numero_3_4.txt,20,0.1,2000,1000,0.1,39.095238095238095,14.236562490463257,26.448941099045364,0.0,71.0
revistaA_2_numero_3_5.txt,saida_revistaA_2_numero_3_5.txt,20,0.1,2000,1000,0.1,20.53968253968254,18.954774856567383,12.039386944294842,0.0,92.0
revistaA_2_numero_4_5.txt,saida_revistaA_2_numero_4_5.txt,20,0.1,2000,1000,0.1,14.158730158730158,27.93477463722229,6.6049677052581535,0.0,154.0
revistaA_3_numero_1_2_3.txt,saida_revistaA_3_numero_1_2_3.txt,20,0.1,2000,1000,0.1,28.793650793650794,20.273314714431763,20.2179856517548,0.0,78.0
revistaA_3_numero_1_2_4.txt,saida_revistaA_3_numero_1_2_4.txt,20,0.1,2000,1000,0.1,19.523809523809526,21.01198387145996,14.554612145085748,0.0,77.0
revistaA_3_numero_1_2_5.txt,saida_revistaA_3_numero_1_2_5.txt,20,0.1,2000,1000,0.1,9.920634920634921,51.314382791519165,6.724278653238545,0.0,168.0
revistaA_3_numero_1_3_4.txt,saida_revistaA_3_numero_1_3_4.txt,20,0.1,2000,1000,0.1,10.587301587301587,27.107627153396606,7.148392916593035,0.0,88.0
revistaA_3_numero_1_3_5.txt,saida_revistaA_3_numero_1_3_5.txt,20,0.1,2000,1000,0.1,7.396825396825397,35.480655670166016,5.796933186292484,0.0,112.0
revistaA_3_numero_1_4_5.txt,saida_revistaA_3_numero_1_4_5.txt,20,0.1,2000,1000,0.1,9.365079365079366,25.9871928691864,6.447102430984476,0.0,79.0
revistaA_3_numero_2_3_4.txt,saida_revistaA_3_numero_2_3_4.txt,20,0.1,2000,1000,0.1,7.333333333333333,25.496503591537476,4.747597554519817,0.0,90.0
revistaA_3_numero_2_3_5.txt,saida_revistaA_3_numero_2_3_5.txt,20,0.1,2000,1000,0.1,8.142857142857142,34.017252922058105,5.3269519646379475,0.0,112.0
revistaA_3_numero_2_4_5.txt,saida_revistaA_3_numero_2_4_5.txt,20,0.1,2000,1000,0.1,8.444444444444445,31.68290090560913,5.750853015478985,0.0,101.0
revistaA_3_numero_3_4_5.txt,saida_revistaA_3_numero_3_4_5.txt,20,0.1,2000,1000,0.1,7.920634920634921,36.7318012714386,4.860928082074246,0.0,121.0
revistaA_4_numero_1_2_3_4.txt,saida_revistaA_4_numero_1_2_3_4.txt,20,0.1,2000,1000,0.1,4.841269841269841,49.380407094955444,4.028495127299741,0.0,126.0
revistaA_4_numero_1_2_3_5.txt,saida_revistaA_4_numero_1_2_3_5.txt,20,0.1,2000,1000,0.1,5.317460317460317,64.82602596282959,5.013712614912549,0.0,163.0
revistaA_4_numero_1_2_4_5.txt,saida_revistaA_4_numero_1_2_4_5.txt,20,0.1,2000,1000,0.1,5.587301587301587,74.20993709564209,5.088533392211185,0.0,181.0
revistaA_4_numero_1_3_4_5.txt,saida_revistaA_4_numero_1_3_4_5.txt,20,0.1,2000,1000,0.1,5.698412698412699,75.80643272399902,4.453052887644184,0.0,172.0
revistaA_4_numero_2_3_4_5.txt,saida_revistaA_4_numero_2_3_4_5.txt,20,0.1,2000,1000,0.1,5.857142857142857,45.792736768722534,4.740427757998025,0.0,114.0
revistaA_constante_10.txt,saida_revistaA_constante_10.txt,20,0.1,2000,1000,0.1,9.73015873015873,63.155845403671265,8.108796613215015,0.0,151.0
revistaA_constante_11.txt,saida_revistaA_constante_11.txt,20,0.1,2000,1000,0.1,17.92063492063492,41.22490191459656,10.727951308587093,0.0,101.0
revistaA_constante_12.txt,saida_revistaA_constante_12.txt,20,0.1,2000,1000,0.1,42.46031746031746,38.0949285030365,24.44938107232684,0.0,97.0
revistaA_constante_14.txt,saida_revistaA_constante_14.txt,20,0.1,2000,1000,0.1,90.34920634920636,53.147528648376465,60.680050520052724,0.0,159.0
revistaA_constante_5.txt,saida_revistaA_constante_5.txt,20,0.1,2000,1000,0.1,6.2063492063492065,149.17118334770203,4.581393460158719,0.0,244.0
revistaA_constante_6.txt,saida_revistaA_constante_6.txt,20,0.1,2000,1000,0.1,6.142857142857143,98.35179424285889,5.753831415997416,0.0,199.0
revistaA_constante_7.txt,saida_revistaA_constante_7.txt,20,0.1,2000,1000,0.1,7.063492063492063,76.35036444664001,5.197291773005103,0.0,145.0
revistaA_constante_8.txt,saida_revistaA_constante_8.txt,20,0.1,2000,1000,0.1,7.825396825396825,71.04295659065247,5.041225860429479,0.0,145.0
revistaA_constante_9.txt,saida_revistaA_constante_9.txt,20,0.1,2000,1000,0.1,7.507936507936508,76.57000660896301,5.40097879392955,0.0,172.0
revistaA_sazonal_14_5_10.txt,saida_revistaA_sazonal_14_5_10.txt,20,0.1,2000,1000,0.1,11.0,87.17406368255615,16.44036843521806,0.0,205.0
revistaA_sazonal_16_14_12.txt,saida_revistaA_sazonal_16_14_12.txt,20,0.1,2000,1000,0.1,69.31746031746032,32.204352378845215,61.60236683682875,0.0,96.0
revistaA_sazonal_5_6_7.txt,saida_revistaA_sazonal_5_6_7.txt,20,0.1,2000,1000,0.1,4.476190476190476,128.37803769111633,3.7197761617975824,0.0,251.0
revistaA_sazonal_5_8_11.txt,saida_revistaA_sazonal_5_8_11.txt,20,0.1,2000,1000,0.1,5.031746031746032,60.412694692611694,4.591117213580314,0.0,128.0
revistaA_sazonal_6_10_5.txt,saida_revistaA_sazonal_6_10_5.txt,20,0.1,2000,1000,0.1,6.523809523809524,83.28695344924927,4.230865958331653,0.0,173.0
revistaB_3_numero_1_2_5.txt,saida_revistaB_3_numero_1_2_5.txt,20,0.1,2000,1000,0.1,64.62222222222222,31.167903423309326,43.158256008884265,0.0,94.0
revistaB_3_numero_1_3_4.txt,saida_revistaB_3_numero_1_3_4.txt,20,0.1,2000,1000,0.1,64.92222222222222,33.975218772888184,42.62269290668158,0.0,102.0
revistaB_3_numero_1_3_5.txt,saida_revistaB_3_numero_1_3_5.txt,20,0.1,2000,1000,0.1,43.24444444444445,30.85044288635254,29.96565111779786,0.0,84.0
revistaB_3_numero_1_4_5.txt,saida_revistaB_3_numero_1_4_5.txt,20,0.1,2000,1000,0.1,35.522222222222226,49.82530426979065,24.087446143757024,0.0,121.0
revistaB_3_numero_2_3_4.txt,saida_revistaB_3_numero_2_3_4.txt,20,0.1,2000,1000,0.1,66.65555555555555,23.588213443756104,46.63407459766138,0.0,75.0
revistaB_3_numero_2_3_5.txt,saida_revistaB_3_numero_2_3_5.txt,20,0.1,2000,1000,0.1,49.84444444444444,30.956035137176514,30.363322578807008,0.0,89.0
revistaB_3_numero_2_4_5.txt,saida_revistaB_3_numero_2_4_5.txt,20,0.1,2000,1000,0.1,40.644444444444446,31.11635708808899,25.071591320816168,0.0,88.0
revistaB_3_numero_3_4_5.txt,saida_revistaB_3_numero_3_4_5.txt,20,0.1,2000,1000,0.1,22.166666666666668,43.73448419570923,14.542848567060183,0.0,126.0
revistaB_4_numero_1_2_3_4.txt,saida_revistaB_4_numero_1_2_3_4.txt,20,0.1,2000,1000,0.1,31.666666666666668,50.73562026023865,21.51485275080657,0.0,108.0
revistaB_4_numero_1_2_3_5.txt,saida_revistaB_4_numero_1_2_3_5.txt,20,0.1,2000,1000,0.1,13.866666666666667,49.63395619392395,9.898596982513341,0.0,97.0
revistaB_4_numero_1_2_4_5.txt,saida_revistaB_4_numero_1_2_4_5.txt,20,0.1,2000,1000,0.1,10.366666666666667,88.88952994346619,5.1325757016661075,0.0,164.0
revistaB_4_numero_1_3_4_5.txt,saida_revistaB_4_numero_1_3_4_5.txt,20,0.1,2000,1000,0.1,10.5,119.51428842544556,8.127115109311545,0.0,200.0
revistaB_4_numero_2_3_4_5.txt,saida_revistaB_4_numero_2_3_4_5.txt,20,0.1,2000,1000,0.1,10.944444444444445,61.117024660110474,7.958728417573461,0.0,116.0
revistaB_constante_10.txt,saida_revistaB_constante_10.txt,20,0.1,2000,1000,0.1,87.96666666666667,50.067333936691284,60.7818412210606,0.0,106.0
revistaB_constante_11.txt,saida_revistaB_constante_11.txt,20,0.1,2000,1000,0.1,133.54444444444445,52.80213928222656,89.89341356556183,0.0,121.0
revistaB_constante_5.txt,saida_revistaB_constante_5.txt,20,0.1,2000,1000,0.1,9.8,112.94774436950684,7.585366027936805,0.0,143.0
revistaB_constante_6.txt,saida_revistaB_constante_6.txt,20,0.1,2000,1000,0.1,8.766666666666667,141.39828991889954,6.16270142785523,0.0,191.0
revistaB_constante_7.txt,saida_revistaB_constante_7.txt,20,0.1,2000,1000,0.1,12.055555555555555,73.83117485046387,10.05359096830703,0.0,111.0
revistaB_constante_8.txt,saida_revistaB_constante_8.txt,20,0.1,2000,1000,0.1,20.288888888888888,66.92368674278259,13.189427116229158,0.0,113.0
revistaB_constante_9.txt,saida_revistaB_constante_9.txt,20,0.1,2000,1000,0.1,52.955555555555556,61.760722398757935,35.04819257064672,0.0,116.0
revistaB_sazonal_14_5_10.txt,saida_revistaB_sazonal_14_5_10.txt,20,0.1,2000,1000,0.1,45.333333333333336,69.85980725288391,44.28142324321164,0.0,150.0
revistaB_sazonal_5_6_7.txt,saida_revistaB_sazonal_5_6_7.txt,20,0.1,2000,1000,0.1,6.7555555555555555,140.92722606658936,4.30583870036724,0.0,196.0
revistaB_sazonal_5_8_11.txt,saida_revistaB_sazonal_5_8_11.txt,20,0.1,2000,1000,0.1,60.2,70.90549921989441,33.744530420993165,0.0,117.0
revistaB_sazonal_6_10_5.txt,saida_revistaB_sazonal_6_10_5.txt,20,0.1,2000,1000,0.1,27.08888888888889,103.77203035354614,21.386207624149026,0.0,162.0
